Marcin,Kowalczyk,marcinkowalczyk19920@gmail.com
Marcin,Kowalczyk,marcinkowalczyk19921@gmail.com
Marcin,Kowalczyk,marcinkowalczyk19922@gmail.com
Marcin,Kowalczyk,marcinkowalczyk19923@gmail.com
Marcin,Kowalczyk,marcinkowalczyk19924@gmail.com
Marcin,Kowalczyk,marcinkowalczyk19925@gmail.com
Marcin,Kowalczyk,marcinkowalczyk19926@gmail.com
Marcin,Kowalczyk,marcinkowalczyk19927@gmail.com
Marcin,Kowalczyk,marcinkowalczyk19928@gmail.com
Marcin,Kowalczyk,marcinkowalczyk19929@gmail.com
Marcin,Kowalczyk,marcinkowalczyk199210@gmail.com
Marcin,Kowalczyk,marcinkowalczyk199211@gmail.com
Marcin,Kowalczyk,marcinkowalczyk199212@gmail.com
Marcin,Kowalczyk,marcinkowalczyk199213@gmail.com
Marcin,Kowalczyk,marcinkowalczyk199214@gmail.com
Marcin,Kowalczyk,marcinkowalczyk199215@gmail.com
Marcin,Kowalczyk,marcinkowalczyk199216@gmail.com
Marcin,Kowalczyk,marcinkowalczyk199217@gmail.com
Marcin,Kowalczyk,marcinkowalczyk199218@gmail.com
Marcin,Kowalczyk,marcinkowalczyk199219@gmail.com
Marcin,Kowalczyk,marcinkowalczyk199220@gmail.com
Marcin,Kowalczyk,marcinkowalczyk199221@gmail.com
Marcin,Kowalczyk,marcinkowalczyk199222@gmail.com
Marcin,Kowalczyk,marcinkowalczyk199223@gmail.com
Marcin,Kowalczyk,marcinkowalczyk199224@gmail.com
Marcin,Kowalczyk,marcinkowalczyk199225@gmail.com
Marcin,Kowalczyk,marcinkowalczyk199226@gmail.com
Marcin,Kowalczyk,marcinkowalczyk199227@gmail.com
Marcin,Kowalczyk,marcinkowalczyk199228@gmail.com
Marcin,Kowalczyk,marcinkowalczyk199229@gmail.com
Marcin,Kowalczyk,marcinkowalczyk199230@gmail.com
Marcin,Kowalczyk,marcinkowalczyk199231@gmail.com
Marcin,Kowalczyk,marcinkowalczyk199232@gmail.com
Marcin,Kowalczyk,marcinkowalczyk199233@gmail.com
Marcin,Kowalczyk,marcinkowalczyk199234@gmail.com
Marcin,Kowalczyk,marcinkowalczyk199235@gmail.com
Marcin,Kowalczyk,marcinkowalczyk199236@gmail.com
Marcin,Kowalczyk,marcinkowalczyk199237@gmail.com
Marcin,Kowalczyk,marcinkowalczyk199238@gmail.com
Marcin,Kowalczyk,marcinkowalczyk199239@gmail.com
Marcin,Kowalczyk,marcinkowalczyk199240@gmail.com
Marcin,Kowalczyk,marcinkowalczyk199241@gmail.com
Marcin,Kowalczyk,marcinkowalczyk199242@gmail.com
Marcin,Kowalczyk,marcinkowalczyk199243@gmail.com
Marcin,Kowalczyk,marcinkowalczyk199244@gmail.com
Marcin,Kowalczyk,marcinkowalczyk199245@gmail.com
Marcin,Kowalczyk,marcinkowalczyk199246@gmail.com
Marcin,Kowalczyk,marcinkowalczyk199247@gmail.com
Marcin,Kowalczyk,marcinkowalczyk199248@gmail.com
Marcin,Kowalczyk,marcinkowalczyk199249@gmail.com
Marcin,Kowalczyk,marcinkowalczyk199250@gmail.com
Marcin,Kowalczyk,marcinkowalczyk199251@gmail.com
Marcin,Kowalczyk,marcinkowalczyk199252@gmail.com
Marcin,Kowalczyk,marcinkowalczyk199253@gmail.com
Marcin,Kowalczyk,marcinkowalczyk199254@gmail.com
Marcin,Kowalczyk,marcinkowalczyk199255@gmail.com
Marcin,Kowalczyk,marcinkowalczyk199256@gmail.com
Marcin,Kowalczyk,marcinkowalczyk199257@gmail.com
Marcin,Kowalczyk,marcinkowalczyk199258@gmail.com
Marcin,Kowalczyk,marcinkowalczyk199259@gmail.com
Marcin,Kowalczyk,marcinkowalczyk199260@gmail.com
Marcin,Kowalczyk,marcinkowalczyk199261@gmail.com
Marcin,Kowalczyk,marcinkowalczyk199262@gmail.com
Marcin,Kowalczyk,marcinkowalczyk199263@gmail.com
Marcin,Kowalczyk,marcinkowalczyk199264@gmail.com
Marcin,Kowalczyk,marcinkowalczyk199265@gmail.com
Marcin,Kowalczyk,marcinkowalczyk199266@gmail.com
Marcin,Kowalczyk,marcinkowalczyk199267@gmail.com
Marcin,Kowalczyk,marcinkowalczyk199268@gmail.com
Marcin,Kowalczyk,marcinkowalczyk199269@gmail.com
Marcin,Kowalczyk,marcinkowalczyk199270@gmail.com
Marcin,Kowalczyk,marcinkowalczyk199271@gmail.com
Marcin,Kowalczyk,marcinkowalczyk199272@gmail.com
Marcin,Kowalczyk,marcinkowalczyk199273@gmail.com
Marcin,Kowalczyk,marcinkowalczyk199274@gmail.com
Marcin,Kowalczyk,marcinkowalczyk199275@gmail.com
Marcin,Kowalczyk,marcinkowalczyk199276@gmail.com
Marcin,Kowalczyk,marcinkowalczyk199277@gmail.com
Marcin,Kowalczyk,marcinkowalczyk199278@gmail.com
Marcin,Kowalczyk,marcinkowalczyk199279@gmail.com
